-- phpMyAdmin SQL Dump
-- version 5.2.1
-- https://www.phpmyadmin.net/
--
-- Servidor: 127.0.0.1
-- Tiempo de generación: 03-09-2025 a las 17:29:33
-- Versión del servidor: 10.4.32-MariaDB
-- Versión de PHP: 8.2.12

SET SQL_MODE = "NO_AUTO_VALUE_ON_ZERO";
START TRANSACTION;
SET time_zone = "+00:00";


/*!40101 SET @OLD_CHARACTER_SET_CLIENT=@@CHARACTER_SET_CLIENT */;
/*!40101 SET @OLD_CHARACTER_SET_RESULTS=@@CHARACTER_SET_RESULTS */;
/*!40101 SET @OLD_COLLATION_CONNECTION=@@COLLATION_CONNECTION */;
/*!40101 SET NAMES utf8mb4 */;

--
-- Base de datos: `inmobiliaria`
--
CREATE DATABASE IF NOT EXISTS `inmobiliaria` DEFAULT CHARACTER SET utf8mb4 COLLATE utf8mb4_spanish_ci;
USE `inmobiliaria`;

-- --------------------------------------------------------

--
-- Estructura de tabla para la tabla `auditoria`
--

CREATE TABLE `auditoria` (
  `idAuditoria` int(11) NOT NULL,
  `idUsuario` int(11) NOT NULL,
  `accion` varchar(100) NOT NULL,
  `observacion` text NOT NULL,
  `fechaYHora` datetime NOT NULL
) ENGINE=InnoDB DEFAULT CHARSET=utf8mb4 COLLATE=utf8mb4_general_ci;

-- --------------------------------------------------------

--
-- Estructura de tabla para la tabla `contrato`
--

CREATE TABLE `contrato` (
  `idContrato` int(11) NOT NULL,
  `idInquilino` int(11) NOT NULL,
  `idInmueble` int(11) NOT NULL,
  `monto` decimal(10,0) NOT NULL,
  `fechaInicio` date NOT NULL,
  `fechaFin` date NOT NULL,
  `FechaAnulacion` datetime DEFAULT NULL,
  `estado` tinyint(1) NOT NULL
) ENGINE=InnoDB DEFAULT CHARSET=utf8mb4 COLLATE=utf8mb4_general_ci;

--
-- Volcado de datos para la tabla `contrato`
--

INSERT INTO `contrato` (`idContrato`, `idInquilino`, `idInmueble`, `monto`, `fechaInicio`, `fechaFin`, `FechaAnulacion`, `estado`) VALUES
(2, 1, 1, 450000, '2025-09-02', '2026-09-02', NULL, 1),
(3, 3, 4, 200000, '2025-09-03', '2025-10-10', NULL, 1),
(4, 2, 4, 200000, '2025-09-03', '2025-08-03', NULL, 1);

-- --------------------------------------------------------

--
-- Estructura de tabla para la tabla `direccion`
--

CREATE TABLE `direccion` (
  `idDireccion` int(11) NOT NULL,
  `calle` varchar(200) NOT NULL,
  `altura` int(11) NOT NULL,
  `cp` varchar(12) NOT NULL,
  `ciudad` varchar(100) NOT NULL,
  `coordenadas` varchar(250) NOT NULL
) ENGINE=InnoDB DEFAULT CHARSET=utf8mb4 COLLATE=utf8mb4_general_ci;

--
-- Volcado de datos para la tabla `direccion`
--

INSERT INTO `direccion` (`idDireccion`, `calle`, `altura`, `cp`, `ciudad`, `coordenadas`) VALUES
(1, 'Pasaje San Vicente', 266, '5700', 'San Luis', '-33.28945885220947, -66.3199532064231'),
(2, 'Don bosco y Centenario', 400, '5700', 'San Luis', '-33.27974591009094, -66.3330368080857'),
(3, 'Aristobulo Del Valle ', 202, '5700', 'San Luis', '-33.28678657693836, -66.32073087563543'),
(4, 'Av. circuito A3', 1000, '5702', 'Potrero de los Funes San Luis', '-33.21934904785864, -66.2305082738294');

-- --------------------------------------------------------

--
-- Estructura de tabla para la tabla `inmueble`
--

CREATE TABLE `inmueble` (
  `idInmueble` int(11) NOT NULL,
  `idPropietario` int(11) NOT NULL,
  `idDireccion` int(11) NOT NULL,
  `idTipo` int(11) NOT NULL,
  `metros2` varchar(100) NOT NULL,
  `cantidadAmbientes` int(11) NOT NULL,
  `precio` decimal(10,0) NOT NULL,
  `descripcion` varchar(300) NOT NULL,
  `cochera` tinyint(4) NOT NULL,
  `piscina` tinyint(4) NOT NULL,
  `mascotas` tinyint(4) NOT NULL,
  `urlImagen` varchar(150) NOT NULL,
  `estado` tinyint(2) NOT NULL DEFAULT 1
) ENGINE=InnoDB DEFAULT CHARSET=utf8mb4 COLLATE=utf8mb4_general_ci;

--
-- Volcado de datos para la tabla `inmueble`
--

INSERT INTO `inmueble` (`idInmueble`, `idPropietario`, `idDireccion`, `idTipo`, `metros2`, `cantidadAmbientes`, `precio`, `descripcion`, `cochera`, `piscina`, `mascotas`, `urlImagen`, `estado`) VALUES
(1, 1, 1, 1, '120', 2, 450000, 'Lindo lugar', 0, 0, 0, 'https://conceptotallerdearquitectura.com/wp-content/uploads/2022/11/36.jpg', 1),
(2, 1, 2, 2, '60', 2, 600000, 'Local amplio y buena ubicacion', 1, 0, 0, 'https://areazero20.com/wp-content/uploads/2022/04/diseno-de-locales-comerciales-1024x683.jpg', 1),
(3, 3, 3, 2, '35', 1, 300000, 'Centro de estetica', 1, 0, 1, 'https://www.vulka.es/imagenes/empresas_fotos/314389_big.jpg', 0),
(4, 2, 4, 1, '50', 2, 200000, 'luminoiso', 1, 0, 0, 'https://www.cabanias.com.ar/fotos/pinar-del-valle.022.b1.jpg', 1);

-- --------------------------------------------------------

--
-- Estructura de tabla para la tabla `inquilino`
--

CREATE TABLE `inquilino` (
  `idInquilino` int(11) NOT NULL,
  `dni` varchar(10) NOT NULL,
  `apellido` varchar(100) NOT NULL,
  `nombre` varchar(100) NOT NULL,
  `telefono` varchar(60) NOT NULL,
  `correo` varchar(150) NOT NULL,
  `estado` tinyint(1) NOT NULL DEFAULT 1
) ENGINE=InnoDB DEFAULT CHARSET=utf8mb4 COLLATE=utf8mb4_general_ci;

--
-- Volcado de datos para la tabla `inquilino`
--

INSERT INTO `inquilino` (`idInquilino`, `dni`, `apellido`, `nombre`, `telefono`, `correo`, `estado`) VALUES
(1, '37599292', 'Moreira', 'Esteban', '0114008713', 'esteban@correo.com', 1),
(2, '31000123', 'Vasquez', 'Nicolas', '01133191239', 'nico@correo.com', 1),
(3, '39550113', 'Nuñez', 'Facundo', '2664087634', 'facu@correo.com', 1);

-- --------------------------------------------------------

--
-- Estructura de tabla para la tabla `pago`
--

CREATE TABLE `pago` (
  `idPago` int(11) NOT NULL,
  `idContrato` int(11) NOT NULL,
  `fechaPago` date NOT NULL,
  `importe` decimal(10,0) NOT NULL,
  `numeroPago` varchar(50) NOT NULL,
  `detalle` varchar(200) NOT NULL,
  `estado` tinyint(1) NOT NULL
) ENGINE=InnoDB DEFAULT CHARSET=utf8mb4 COLLATE=utf8mb4_general_ci;

--
-- Volcado de datos para la tabla `pago`
--

INSERT INTO `pago` (`idPago`, `idContrato`, `fechaPago`, `importe`, `numeroPago`, `detalle`, `estado`) VALUES
(2, 2, '2025-09-02', 450000, '1', 'ingreso mes adelantado 2025', 0),
(3, 2, '2025-09-02', 450000, '101', 'ingreso mes adelantado 2025', 1),
(4, 3, '2025-09-03', 250000, '103', 'mes adelantado + iva', 1);

-- --------------------------------------------------------

--
-- Estructura de tabla para la tabla `propietario`
--

CREATE TABLE `propietario` (
  `idPropietario` int(11) NOT NULL,
  `dni` varchar(10) NOT NULL,
  `apellido` varchar(60) NOT NULL,
  `nombre` varchar(60) NOT NULL,
  `telefono` varchar(15) NOT NULL,
  `correo` varchar(100) NOT NULL,
  `estado` tinyint(1) NOT NULL DEFAULT 1
) ENGINE=InnoDB DEFAULT CHARSET=utf8mb4 COLLATE=utf8mb4_general_ci;

--
-- Volcado de datos para la tabla `propietario`
--

INSERT INTO `propietario` (`idPropietario`, `dni`, `apellido`, `nombre`, `telefono`, `correo`, `estado`) VALUES
(1, '37599292', 'Moreira', 'Esteban', '2665044026', 'esteban@correo.com', 1),
(2, '32001031', 'Iccardi', 'Gimena', '011336648', 'gime@correo.com', 1),
(3, '39599145', 'Rosales', 'Agustina', '2665008861', 'agus@correo.com', 1);

-- --------------------------------------------------------

--
-- Estructura de tabla para la tabla `tipo`
--

CREATE TABLE `tipo` (
  `idTipo` int(11) NOT NULL,
  `observacion` varchar(200) NOT NULL
) ENGINE=InnoDB DEFAULT CHARSET=utf8mb4 COLLATE=utf8mb4_general_ci;

--
-- Volcado de datos para la tabla `tipo`
--

INSERT INTO `tipo` (`idTipo`, `observacion`) VALUES
(3, 'Casa'),
(1, 'Departamento'),
(2, 'Local');

-- --------------------------------------------------------

--
-- Estructura de tabla para la tabla `usuario`
--

CREATE TABLE `usuario` (
  `idUsuario` int(11) NOT NULL,
  `email` varchar(100) NOT NULL,
  `password` varchar(100) NOT NULL,
  `rol` varchar(50) NOT NULL,
  `avatar` varchar(150) NOT NULL,
  `nombre` varchar(100) NOT NULL,
  `apellido` varchar(100) NOT NULL,
  `estado` tinyint(1) NOT NULL DEFAULT 1
) ENGINE=InnoDB DEFAULT CHARSET=utf8mb4 COLLATE=utf8mb4_general_ci;

--
-- Índices para tablas volcadas
--

--
-- Indices de la tabla `auditoria`
--
ALTER TABLE `auditoria`
  ADD PRIMARY KEY (`idAuditoria`),
  ADD KEY `idUsuario` (`idUsuario`);

--
-- Indices de la tabla `contrato`
--
ALTER TABLE `contrato`
  ADD PRIMARY KEY (`idContrato`),
  ADD KEY `idInquilino` (`idInquilino`,`idInmueble`),
  ADD KEY `idInmueble` (`idInmueble`);

--
-- Indices de la tabla `direccion`
--
ALTER TABLE `direccion`
  ADD PRIMARY KEY (`idDireccion`);

--
-- Indices de la tabla `inmueble`
--
ALTER TABLE `inmueble`
  ADD PRIMARY KEY (`idInmueble`),
  ADD KEY `idDireccion` (`idDireccion`,`idTipo`),
  ADD KEY `idPropietario` (`idPropietario`),
  ADD KEY `idTipo` (`idTipo`);

--
-- Indices de la tabla `inquilino`
--
ALTER TABLE `inquilino`
  ADD PRIMARY KEY (`idInquilino`);

--
-- Indices de la tabla `pago`
--
ALTER TABLE `pago`
  ADD PRIMARY KEY (`idPago`),
  ADD KEY `idContrato` (`idContrato`);

--
-- Indices de la tabla `propietario`
--
ALTER TABLE `propietario`
  ADD PRIMARY KEY (`idPropietario`);

--
-- Indices de la tabla `tipo`
--
ALTER TABLE `tipo`
  ADD PRIMARY KEY (`idTipo`),
  ADD UNIQUE KEY `observacion` (`observacion`);

--
-- Indices de la tabla `usuario`
--
ALTER TABLE `usuario`
  ADD PRIMARY KEY (`idUsuario`),
  ADD UNIQUE KEY `email` (`email`);

--
-- AUTO_INCREMENT de las tablas volcadas
--

--
-- AUTO_INCREMENT de la tabla `auditoria`
--
ALTER TABLE `auditoria`
  MODIFY `idAuditoria` int(11) NOT NULL AUTO_INCREMENT;

--
-- AUTO_INCREMENT de la tabla `contrato`
--
ALTER TABLE `contrato`
  MODIFY `idContrato` int(11) NOT NULL AUTO_INCREMENT, AUTO_INCREMENT=5;

--
-- AUTO_INCREMENT de la tabla `direccion`
--
ALTER TABLE `direccion`
  MODIFY `idDireccion` int(11) NOT NULL AUTO_INCREMENT, AUTO_INCREMENT=5;

--
-- AUTO_INCREMENT de la tabla `inmueble`
--
ALTER TABLE `inmueble`
  MODIFY `idInmueble` int(11) NOT NULL AUTO_INCREMENT, AUTO_INCREMENT=5;

--
-- AUTO_INCREMENT de la tabla `inquilino`
--
ALTER TABLE `inquilino`
  MODIFY `idInquilino` int(11) NOT NULL AUTO_INCREMENT, AUTO_INCREMENT=4;

--
-- AUTO_INCREMENT de la tabla `pago`
--
ALTER TABLE `pago`
  MODIFY `idPago` int(11) NOT NULL AUTO_INCREMENT, AUTO_INCREMENT=5;

--
-- AUTO_INCREMENT de la tabla `propietario`
--
ALTER TABLE `propietario`
  MODIFY `idPropietario` int(11) NOT NULL AUTO_INCREMENT, AUTO_INCREMENT=4;

--
-- AUTO_INCREMENT de la tabla `tipo`
--
ALTER TABLE `tipo`
  MODIFY `idTipo` int(11) NOT NULL AUTO_INCREMENT, AUTO_INCREMENT=4;

--
-- AUTO_INCREMENT de la tabla `usuario`
--
ALTER TABLE `usuario`
  MODIFY `idUsuario` int(11) NOT NULL AUTO_INCREMENT;

--
-- Restricciones para tablas volcadas
--

--
-- Filtros para la tabla `auditoria`
--
ALTER TABLE `auditoria`
  ADD CONSTRAINT `auditoria_ibfk_1` FOREIGN KEY (`idUsuario`) REFERENCES `usuario` (`idUsuario`);

--
-- Filtros para la tabla `contrato`
--
ALTER TABLE `contrato`
  ADD CONSTRAINT `contrato_ibfk_1` FOREIGN KEY (`idInquilino`) REFERENCES `inquilino` (`idInquilino`),
  ADD CONSTRAINT `contrato_ibfk_2` FOREIGN KEY (`idInmueble`) REFERENCES `inmueble` (`idInmueble`);

--
-- Filtros para la tabla `inmueble`
--
ALTER TABLE `inmueble`
  ADD CONSTRAINT `inmueble_ibfk_1` FOREIGN KEY (`idTipo`) REFERENCES `tipo` (`idTipo`),
  ADD CONSTRAINT `inmueble_ibfk_2` FOREIGN KEY (`idDireccion`) REFERENCES `direccion` (`idDireccion`),
  ADD CONSTRAINT `inmueble_ibfk_3` FOREIGN KEY (`idPropietario`) REFERENCES `propietario` (`idPropietario`);

--
-- Filtros para la tabla `pago`
--
ALTER TABLE `pago`
  ADD CONSTRAINT `pago_ibfk_1` FOREIGN KEY (`idContrato`) REFERENCES `contrato` (`idContrato`);
COMMIT;

/*!40101 SET CHARACTER_SET_CLIENT=@OLD_CHARACTER_SET_CLIENT */;
/*!40101 SET CHARACTER_SET_RESULTS=@OLD_CHARACTER_SET_RESULTS */;
/*!40101 SET COLLATION_CONNECTION=@OLD_COLLATION_CONNECTION */;
